Company,Job_Title,Location,Post_Date,Post_URL,Retrival_Date,Salary,Searched_Job_Title,Description
Bose,Junior Data Engineer,"Boston, MA",9 days ago,http://indeed.com/rc/clk?jk=f7c39ea10ddd5d39&fccid=42f1e4ca72488e15&vjs=3,2019-03-03 11:30:11,No Salary Provided,data engineer,"Bose is about better sound, but better sound is just the beginning. We’re about inventing new technologies that truly benefit people and creating a culture where innovation and teamwork are highly valued. Working at Bose, you’re encouraged to question conventional thinking in the relentless quest to create products and experiences that change people's lives. Our culture is as distinctive as our products. Join a company that operates globally, with a culture that embraces new ideas. We have an exciting Junior Data Engineer employment opportunity in our Central Data Organization group. The team is working to build a world class data driven organization that includes Data Governance enabling advanced analytics and Data Science across Bose. The goal is to have proactive data quality, enable certified data, provide for a searchable data catalog that includes lineage from visualizations to source systems decreasing analytics time to value. The candidate should understand how companies and people use data to achieve their business goals. As a part of Data Governance team, you will be dedicated to perfect quality data delivery to Bose data scientists, who need it for Machine Learning, NPL and Artificial intelligence applications. You will will gather project requirements, interpret them into action items, deliver code and datasets and advocate the results If you have a passion for being a part of a data driven culture by delivering value, please consider a career at Bose! Responsibilities include: Manage individual data delivery projects (develop project plan, gather requirements, technology selection, create presentation diagrams etc) Integration and configuration of data governance software Design and develop code to generates data sets Root cause analysis of data problems Data quality assessment and improvement Evaluating new technologies Preferable Skills and Experiences Java, Python, Spark, SQL dialects Hadoop, Hive, Cloudera Data Modeling Ability to analyze complex data Strong in gaining knowledge of new technologies across data management disciplines and contribute to proof of concepts of well-established and innovative software tools. Strong interpersonal skills, accountability, written and verbal communication skills, time management Good to have: Understanding of machine learning, statistics, natural language processing, sentiment analysis, graph analysis, augmented and virtual reality Experience with Data Governance or Metadata Management software (e.g. Collibra) Application integration experience using MuleSoft technology and RESTful API Sense of Humor! To love good music and good sound! We're looking forward to your application. Bose is an equal opportunity employer that is committed to inclusion and diversity. We evaluate qualified applicants without regard to race, color, religion, sex, sexual orientation, gender identity, genetic information, national origin, age, disability, veteran status, or any other legally protected characteristics. For additional information, please review: (1) the EEO is the Law Poster (http://www.dol.gov/ofccp/regs/compliance/posters/pdf/OFCCP_EEO_Supplement_Final_JRF_QA_508c.pdf); and (2) its Supplements (http://www.dol.gov/ofccp/regs/compliance/posters/ofccpost.htm). Please note, the company's pay transparency is available at http://www.dol.gov/ofccp/pdf/EO13665_PrescribedNondiscriminationPostingLanguage_JRFQA508c.pdf. Bose is committed to working with and providing reasonable accommodations to individuals with disabilities. If you need a reasonable accommodation because of a disability for any part of the application or employment process, please send an e-mail to Wellbeing@bose.com and let us know the nature of your request and your contact information. Bose is an equal opportunity employer that is committed to inclusion and diversity. We evaluate qualified applicants without regard to race, color, religion, sex, sexual orientation, gender identity, genetic information, national origin, age, disability, veteran status, or any other legally protected characteristics. For additional information, please review: (1) the EEO is the Law Poster (http://www.dol.gov/ofccp/regs/compliance/posters/pdf/OFCCP_EEO_Supplement_Final_JRF_QA_508c.pdf); and (2) its Supplements (http://www.dol.gov/ofccp/regs/compliance/posters/ofccpost.htm). Please note, the company's pay transparency is available at http://www.dol.gov/ofccp/pdf/EO13665_PrescribedNondiscriminationPostingLanguage_JRFQA508c.pdf. Bose is committed to working with and providing reasonable accommodations to individuals with disabilities. If you need a reasonable accommodation because of a disability for any part of the application or employment process, please send an e-mail to Wellbeing@bose.com and let us know the nature of your request and your contact information."
"BLDUP, Inc",Data Engineer,"Boston, MA",1 day ago,"http://indeed.com/company/BLDUP,-Inc/jobs/Data-Engineer-439bfc224eb1c3af?fccid=c7df1314ad2bb9c9&vjs=3",2019-03-03 11:30:11,No Salary Provided,data engineer,"BLDUP is seeking a Web Scraping focused Data Engineer. In this role, you will own the creation process of these tools, services, and workflows to improve crawl/ scrape analysis, reports, and data management. You will target certain data points available on the sites with these scripts, and save them to a database that can then be analyzed, formatted and used in our data platform. Scripts will run as frequently as possible, depending upon when new data is uploaded to the registries and will need to be customized for each site’s structure.SkillsExperience running large scale web scrapesSolid Python knowledgeFamiliarity with techniques and tools for crawling, extracting and processing data (e.g. Scrapy, pandas, MapReduce, SQL, BeautifulSoup, etc).Experience with system monitoring/administration toolsExperience with version control, open source practices, and code reviewExperience with applications designed to display archived web contentBachelor's Degree in Computer Science or a related field or the equivalent demonstrated experienceBLDUP is THE website for commercial real estate and construction. The market has moved online, we are going national and need innovative, smart, people to join our budding team.As a growing tech company, we value our employees and want to ensure they know their importance to our success. A sense of humor is a must and our management strives to ensure BLDUP is a top place to work.We offer flexible scheduling and the ability to work remotely 2-3 days a week. We are about working smarter not harder, yet we have our priorities in order on what drives the best results. We believe a small team armed with the best tools can beat an army. It is not about how many hours you work it's about reaching regular goals, consistently, and in a timely fashion.Job Type: Full-timeExperience:Python: 1 year (Preferred)"
Spacemaker,"Data Scientist Intern, Boston","Boston, MA",2 days ago,http://indeed.com/rc/clk?jk=e8d6ada1c9f29a47&fccid=79462bd4e96de970&vjs=3,2019-03-03 11:30:11,No Salary Provided,data engineer,"Temporary, InternshipWe believe there is a better way to build our cities. By using AI to untangle complexities, create opportunities and manage uncertainties, we help architects and real estate developers make informed decisions. Spacemaker is already experiencing an intense, global demand for our services, and are looking for truly talented people to join us.  At Spacemaker you will take part in developing the core of our game changing technology. Our long term ambition is to change the construction industry through AI, and our product will be exploited in numerous other applications, such as hospitals, hotels, and infrastructure. Breaking high-performance site development into its key quality components requires data scientists at Spacemaker to not only be exceptional in mathematics and programming, but also to be creative, pragmatic and able to apply theoretical knowledge to real life problems.  As an intern, you will join one of our teams to push the existing product forward. You will meet a diverse set of challenging problems and work closely with some of Europe's best data scientists, product engineers, and designers. Interns get to experience a unique combination of cutting-edge research and product development.  We are looking for interns all year round. We offer normal summer internships in June-August, but also 4-8 week long internships the rest of the year.  Click the button to apply now – or get in touch at hello@spacemaker.ai. As a Data Scientist Intern at Spacemaker, you get the chance to … Partake in a game-changing technology company that will create eye-popping value at a global scale Working with cutting-edge technology and problem solving Work with a truly talented team across many different fields of expertise A company full of team spirit and enthusiasm Desired profile Exceptional mathematical understanding and analytical capabilities Interest in programming and technology Thrive at solving complex problems that have not been solved before Creative and pragmatic So, do you want to be a Spacemaker?  Click the button to apply now – or get in touch at boston@spacemaker.ai."
Mody Data Solutions,Data Scientist/Co-founder (Remote),"Boston, MA",3 days ago,http://indeed.com/company/Mody-Data-Solutions/jobs/Data-Scientist-Founder-484423f664f5cf65?fccid=46c3742671033477&vjs=3,2019-03-03 11:30:11,No Salary Provided,data engineer,"$150,000 a yearPart-time, Contract, CommissionPlease note this position does not have a salary at this time. Instead, we are offering equity from 0.1% - 10% for the right partner(s) who will help us grow.Mody Data Solutions (MDS), founded by 3 Columbia Alumni and Industry Experts, provides cutting-edge Fraud Waste and Abuse Detection solutions for the insurance industry. The team has over 75 years of insurance and technology expertise and 30 years of insurance fraud expertise.MDS has been admitted into Plug and Play’s InsureTech Accelerator and is looking to expand its team. We are committed to advancing the insurance industry's ability to detect and prevent fraud for the benefit and security of insurance carriers and their customers.The team is entirely remote, but most live close to NYC. The team is comprised of insurance and fraud experts recognized as leaders in our respective fields.We are building a high-caliber development team and seeking individuals passionate about developing customer-centric products and having a positive impact on society. As part of our team, you will have an opportunity to apply your ideas to revolutionize insurance.The ideal candidate will be highly collaborative and be able to work cohesively with the product strategy and marketing teams to deliver a brand new customer-centric platformIdeal Candidate: You have strong analytical and quantitative skills. You are familiar with techniques in Machine Learning, Data Mining Natural Language Processing and Deep Learning or related fields.3+ years of relevant experienceStrong technical and programming skills. You have experience designing, programming and running algorithms in Python.Demonstrated the capability to review and learn from technical papers.Contributed research that can be applied to MDS product development.Ability to quickly prototype ideas and can solve complex problems by adopting creative approaches.Strong collaborator and communicator and you make the engineers around you grow and learn.What We Care AboutProactive, curious, creative, and humble. We are dedicated to learning and constantly improving. We hope you also value things like blameless postmortems and have a natural drive to figure out how everything works.Keeping it real. MDS’s mission and values are a part of everything we do. We care about how our work affects real people. We are motivated by this mission every day.Our Core ValuesFight FraudTrustTransparencySecurityExpertiseGive BackInnovationWhat’s Next: Interested in joining the team? Send us a cover letter and your resume explaining why you’d be great for the job. We value individuality and variety, so make sure to tell us what you’re all about. If you have an online presence (blog, Twitter, Facebook), send it along. And if you write, draw, or contribute to something you’re proud of, we’d love to hear about it.MDS is proud to be an equal opportunity employer and will consider all qualified applicants regardless of color, ancestry, religion, sex, national origin, sexual orientation, age, citizenship, marital or family status, disability, gender identity or expression, veteran status, actual or presumed belonging to an ethnic group, or any other legally protected status. If you have a disability or special need that requires accommodation, please let us know.Job Types: Full-time, Part-time, Contract, CommissionSalary: $150,000.00 /year"
CrunchTime,Data Warehouse Engineer,"Boston, MA",5 days ago,http://indeed.com/rc/clk?jk=db93c38dc9c931a9&fccid=db48b8448fac1b38&vjs=3,2019-03-03 11:30:11,No Salary Provided,data engineer,"CrunchTime! Information Systems (http://www.crunchtime.com/ ( http://www.crunchtime.com/ )) is experiencing record growth and is looking for high-energy professionals who can enhance our organization and contribute to the evolution of our suite of world-class enterprise management products. If you possess the skills and the desire to be part of a team dedicated to industry leadership, we'd like to hear from you.  CrunchTime! has an immediate opening for a Data Warehouse Engineer. This person will develop solutions to complex business requirements, providing a scalable and efficient architecture to support the reporting needs of our suite of ERP applications. The ideal person has full life cycle experience and a proven ability to analyze, design and build complex database transaction and reporting solutions.  Primary role and responsibilities:  Responsible for supporting the architecture and design of the data warehouse, data marts and BI reports which will support various data initiatives Perform hands-on design, development and testing within the ETL tool environment using a mixture of GUI driven tools and hands-on SQL Provide ETL design, development and testing estimations based business requirements and research into data that is currently sourced. Educate client management and business users on business value and capabilities of data warehousing Provide advice and guidance on data warehousing approaches and solutions, and use of data warehousing methodology Assist in identifying and prioritizing business information needs, and defining business benefit of data warehousing Assist in evaluating and selecting data warehousing tools for business intelligence, data population, data management, metadata management, and warehouse administration Identify data warehousing issues and assist in their resolution Facilitates requirements definition and contributes to documentation of project and system documentation Research and analyze various data source systems, applications and perform data research/analysis Provide project, system and other technical documentation as required  Skills:  Proven experience with Complex Dimensioning Modeling and Design in a star schema. Must have experience designing & building Data Warehouse environment from scratch Experience with near to real time Data Warehouse. Experience working with up to 1 terabyte of data At least 2 years of experience with designing and implementing reporting applications with a leading BI tool suite such as Cognos, Business Objects, Hyperion, etc., Microstratgey preferred. Proven experience developing PL/SQL for large scale software applications Experience with ETL tools such as Informatica, as well as using pl/sql for ETL. Ability to process complex business requirements and develop a stable, scalable, and efficient architecture to support those requirements Strong written and oral communication skills. Strong analytical and problem solving skills. Ability to plan and manage in a rapidly changing environment. A self-starter who can take ownership and lead projects Team player with high energy-can do attitude. Strong focus on results and quality  "
"Bay State IT, Inc.",Helpdesk Support Engineer,"Boston, MA 02118 (South Boston area)",1 day ago,http://indeed.com/company/Bay-State-IT/jobs/Helpdesk-Support-Engineer-6849780dfb644940?fccid=2c97f5f2740546cb&vjs=3,2019-03-03 11:30:11,No Salary Provided,data engineer,"$50,000 - $55,000 a yearPRIMARY PURPOSE OF JOBTo provide MacOS technical support for incoming issues and questions related to Apple computer software and hardware. To ensure ticket queue flows, and that any tickets that can be solved remotely are resolved as soon as possible.PRINCIPAL DUTIES AND RESPONSIBILITIESTroubleshoot and solve various types of tickets that are put in by Bay State clientele. Assess and prioritize daily ticket workload aligning with Best Practice and in accordance with established Service Level Agreements,Process hardware and software purchase requests for clients, offering advice where needed on selection of equipment/software,Perform onsite tasks as needed for clients, including special project work,Build, install and configure computers for new users subject to operating Quality Assurance/Standard Operating Procedure (SOP) documents,Act as Primary engineer for specific sites, including: frequent Point of Contact (POC) liaison, end-to-end ticket ownership through final resolution, acting as an escalation point for POC, onboarding new users (deploying equipment, IT training, etc.),Create and maintain SOP documentation,Participate in the on-call, after hours weekend support rotation. The expected frequency of this is be about five weekends per year,Training non-Mac competent staff on MacOS.KNOWLEDGE, SKILLS AND ABILITIES REQUIREDAdvanced knowledge and experience with MacOS (Mojave, High Sierra and Sierra). Specific areas of expertise should include: password resets, data migration and time machine use, OSX re-installation, diagnostics and troubleshooting, Malware removal, disk space management, mail setup/troubleshooting, security and profile management, VPN setup and troubleshooting, servers, WiFi setup/troubleshooting, printer setup/troubleshooting, domain binding and related issues (shared drives, login, etc.) and iCloud Sync,Knowledge of iOS sufficient to troubleshoot Exchange setup issues, as well as iCloud connectivity and sync issues,A relatively high level of analytical ability is required in order to find solutions to difficult human, technical or administrative problems.NOTESCandidate interview will include a test of technical ability,Experience with the following would be a bonus: Win10 in the Enterprise, Customer Service, networking,Apple certifications (especially ACMT, ACSP) highly desirable.Job Type: Full-timeSalary: $50,000.00 to $55,000.00 /yearExperience:Mac OS: 3 years (Required)Analysis Skills: 2 years (Preferred)Administrative: 1 year (Preferred)License:US driving (Required)Work authorization:United States (Required)"
Cogo Labs,Data Engineer,"Cambridge, MA",2 days ago,http://indeed.com/rc/clk?jk=5aa73b7c981ae775&fccid=c9e769ff6bc13ee9&vjs=3,2019-03-03 11:30:11,No Salary Provided,data engineer,"Data is the life blood of Cogo Labs and impacts nearly all decision making within the company. Cogo Lab's data team serves the important responsibility of maintaining, planning, and scaling these vital systems. As a curator of these systems you will ingest and process billions of events each day and have a direct impact on Cogo's bottom line.  As our Data Engineer you will: Build and maintain robust, fault-tolerant ETL pipelines for Cogo's internal and external data resources Work with incubatees and teams to plan their data pipeline, optimize their SQL, and act as a sounding board for all data questions Maintain, plan, and scale Cogo's MySQL and PostgreSQL relational database infrastructure Respond to occasional off-hours outages  Skills and requirements: At least three years of work experience in software engineering Familiarity with five of the following: Spark, MySQL, PostgreSQL, EMR, S3, Redshift, Airflow, Presto, Hive, Kafka, RabbitMQ, Map Reduce Proficiency with Python and one of the following languages: Java, Scala, Golang Comfort and experience with the Linux command line and Git Knowledge of relational database best-practices like replication, high availability, and performance tuning Strong problem-solving/analytical aptitude Ability to self-manage tasks and context-switch as necessary The willingness and ability to learn  Nice to haves: Experience or familiarity with LVM, md, ext4, or ZFS Exposure to Docker and/or containers"
Insight,Data Engineer,"Boston, MA",3 days ago,http://indeed.com/rc/clk?jk=add7167e08a729ff&fccid=3f1f78890d39a15e&vjs=3,2019-03-03 11:30:11,No Salary Provided,data engineer,"Boston, MA, US Requisition Number: 72845  Data Engineer  Insight Digital Innovation is looking for an Associate Software Engineer to join our Data & AI team in Boston. If you’re passionate about building high-quality, cutting-edge Data & AI solutions, we’d like to talk to you.  At Insight you’ll work with an award-winning team of designers, engineers, architects and data scientists on some of the toughest problems across finance, health/life sciences, manufacturing, retail, hospitality and other verticals. You’ll be hands on, working with small teams on high-velocity, agile projects aimed at providing high business impact. You’ll be working with cutting-edge tools at the forefront of what’s possible.  Responsibilities Design and build BI, big data, AI and cloud solutions for clients Translate client requirements into solutions for tough data challenges and provide feedback on others’ work Work closely with client business and technical stakeholders to shape the success of projects Aggressively grow your skillset and translate your new capabilities into high-quality execution Qualifications 2+ years of professional data development and delivery experience Proven SQL skills utilizing OLTP, OLAP, reporting and ETL/ELT use cases and patterns Skill at crystalizing requirements into clean, efficient, quality deliverables Demonstrated ability to prioritize, self-direct and execute at velocity Passion to deliver quality work both individually and as part of a team Solid communication skills with both technical and non-technical stakeholders Desire to rapidly grow your skills competencies use new skills to design and implement solutions Bachelor’s degree in Computer Science or related discipline  Experience with one or more of the following is a plus: Cloud architectures: Azure, AWS, Google Big data and NoSQL topologies: Hadoop, Cassandra, Mongo, Hive, Spark, etc. Advanced analytics: R, Python, MatLab, statistics, etc. Requires travel to Boston Area client sites (local only)  The position described above provides a summary of some the job duties required and what it would be like to work at Insight. For a comprehensive list of physical demands and work environment for this position, click here.  Today, every business is a technology business. Insight Enterprises, Inc. empowers organizations of all sizes with Insight Intelligent Technology Solutions™ and services to maximize the business value of IT. As a Fortune 500-ranked global provider of digital innovation, cloud/data center transformation, connected workforce, and supply chain optimization solutions and services, we help clients successfully manage their IT today while transforming for tomorrow. From IT strategy and design to implementation and management, our 6,800 employees help clients innovate and optimize their operations to run smarter. Discover more at insight.com.  Global provider of Intelligent Technology Solutions™ for organizations of all sizes Ranked #417 on the 2018 Fortune 500, #12 on the CRN Solution Provider 500 Founded in 1988 in Tempe, Arizona; now celebrating our 30th anniversary and operating in 20 countries $6.7 billion in revenue for 2017 8,000+ teammates worldwide working with 5,300+ partners 2017 Arizona’s Most Admired Companies (AZ Business Magazine), #7 2017 Best Places to Work (Phoenix Business Journal) 2018 Dell EMC Server Partner of the Year, 2018 Intel Retail Solution Partner of the Year, 2018 IBM Geography Excellence Award as the Top National Strategic Business Partner in North America, Microsoft’s largest global partner  Today's talent leads tomorrow's success. Learn about careers at Insight: jobs.insight.com.  Insight is an equal opportunity employer, and all qualified applicants will receive consideration for employment without regard to race, color, religion, sex, national origin, disability status, protected veteran status, sexual orientation or any other characteristic protected by law.  Posting Notes: Boston || Massachusetts (US-MA) || United States (US) || MSOP-SC; None || None || US - Boston, MA ||  Nearest Major Market: Boston Job Segment: Database, Manufacturing Engineer, Developer, Computer Science, Engineer, Technology, Engineering"
Wayfair,Customer Strategy Analyst,"Boston, MA 02116 (South End area)",1 day ago,http://indeed.com/rc/clk?jk=3e875163588fa7c1&fccid=95485c6456ed2114&vjs=3,2019-03-03 11:30:11,No Salary Provided,data engineer,"Customer Strategy Analyst Do you enjoy coming up with innovative, data-driven solutions to complex business problems? Do you enjoy working in a dynamic, cross-functional and collaborate work environment? We are seeking a highly analytical individual to join our rapidly growing Site Navigation Team as a customer strategy analyst. Our team's mission is to provide our customers with intuitive and seamless paths to product, helping them find items with ease and discover all we have to offer. You will be tasked with determining and collecting the necessary data to interpret onsite customer behaviours across our core navigational elements (onsite search, top navigation menu, intermediary category page), accurately root causing usability issues and collaborating with stakeholders across the business to provide timely solutions. Our tight-knit team has a big appetite for bold ideas, a strong bias for action, and provides a distinct opportunity to drive high impact decisions. In This Role You Will: Gather and analyze information, formulate and test hypotheses, and develop and communicate recommendations. You'll also have the opportunity to present results to your stakeholders and implement recommendations in collaboration with different teams (such as web analytics, product management and category management). Work with tech engineers to get the access to data you need and help define and build tools to support the Site Navigation Associates in making strong business decisions in their day-to-day  Who We're Looking For Undergraduate or master's degree and have 5-7 years of work experience in a technology, start-up, consulting, or other analytical role Outstanding record of academic achievement, preferably in a quantitative degree (such as math, economics etc.) or strong equivalent experience Demonstrated aptitude for analytics Exceptional analytical and quantitative problem-solving skills Proven record of leadership in a work setting and/or through extracurricular activities Ability to work collaboratively in a team environment Ability to work effectively with people at all levels in an organization Ability to communicate complex ideas effectively - both verbally and in writing - in English and the local office language(s) Self starter with an ability to make decisions and draw conclusions in the face of ambiguity  About Us:  Wayfair is one of the world's largest online destinations for the home. Whether you work in our global headquarters in Boston or Berlin, or in our warehouses or offices throughout the world, we're reinventing the way people shop for their homes. Through our commitment to industry-leading technology and creative problem-solving, we are confident that Wayfair will be home to the most rewarding work of your career. If you're looking for rapid growth, constant learning, and dynamic challenges, then you'll find that amazing career opportunities are knocking.  No matter who you are, Wayfair is a place you can call home. We're a community of innovators, risk-takers, and trailblazers who celebrate our differences, and know that our unique perspectives make us stronger, smarter, and well-positioned for success. We value and rely on the collective voices of our employees, customers, community, and suppliers to help guide us as we build a better Wayfair - and world - for all. Every voice, every perspective matters. That's why we're proud to be an equal opportunity employer. We do not discriminate on the basis of race, color, ethnicity, ancestry, religion, sex, national origin, sexual orientation, age, citizenship status, marital status, disability, gender identity, gender expression, veteran status, or genetic information."
Rifiniti,Data Scientist (2019 Summer Intern),"Boston, MA 02210 (South Boston area)",16 days ago,http://indeed.com/rc/clk?jk=3296f34f213da3d9&fccid=9a5cf6c05095891b&vjs=3,2019-03-03 11:30:11,No Salary Provided,data engineer,"Temporary, InternshipRifiniti is a growth-stage SaaS solutions provider for commercial real-estate end-users. We integrate client data into our proprietary cloud-based data-warehouse, process it, and provide our clients with actionable workplace analytics. We have a dynamic team, consisting of data scientists, ETL, front- and back-end software developers, QA experts, and sales and support personnel. Our team is located in Boston, US, Sofia, Bulgaria, and Ukraine. We have a large and growing number of customers, all of whom are global companies with significant leased and owned office space portfolios for their operations. Our data scientists work closely with our software engineers as well as a growing ecosystem of business partners and customers to build leading edge technologies in big data, machine learning, real time intelligence that scale the business. Responsibilities Contribute to implementation of highly scalable ETL infrastructures that collect, store and process large volumes of data daily. Leverage machine learning techniques to discover hidden relationships in data Conduct statistical analyses to validate, or disprove, hypotheses about data Requirements Working towards a masters degree (or above) in computer science, applied math or engineering Proficiency using Python, Jupyter and Spark Experience with MySQL Experience with AWS a plus Excellent and written communication skills in English. Strong teamwork and interpersonal skills"
Simply Business,Data Engineer,"Boston, MA",18 days ago,http://indeed.com/rc/clk?jk=7e25a74c7fb77b02&fccid=d4ff1d2cc9815848&vjs=3,2019-03-03 11:30:12,No Salary Provided,data engineer,"Simply Business is more than our name. It's how we approach small business insurance: Make it clear. Make it simple. Make it affordable. Founded in 2005 (with our first international office in Boston launched in 2016), Simply Business is an online business insurance brokerage that specializes in one thing: protecting the businesses that entrepreneurs have worked hard to build.  Through blending a combination of technology, data, and insurance knowledge - with 10 years of expertise in the UK in how to build great products for our customers - we are looking to simplify the insurance-buying process for all small businesses across the US.  Right now we’re at the start of that journey. We need people who are looking for a challenge and have the drive and ambition to challenge the boundaries in whatever exciting project they believe in. We believe that people work more productively and imaginatively when they are free from rigid hierarchy and structures and we’re creating a colorful and collaborative environment to help support you in meeting your ambitions.  If you’re smart, passionate about delivering brilliant customer experiences across an integrated online and offline user journey, and enjoy solving complex challenges then you should apply to join our team.  We need a Data Engineer to join us in Boston. The Data and Analytics team at Simply Business has a mission to empower the company to create value through data. A key part of it is done by the Connected CRM and Marketing team, which creates tools to attract new customers and improve our communications with them. As a Data Engineer you will: Help design, build, maintain and own our connected communications platform, including: A marketing data warehouse to power our marketing and customer communications initiatives. Data pipelines and event-driven systems to communicate with our customers across multiple channels. Integration with internal systems and third-party SMS, telephony, email and online marketing services. Support other product teams to get the most out of the platform Responsibilities include: Being hands on in developing best practices, appropriate tools and technologies. Highlighting areas for continuous improvement and driving their prioritization. Being proactive in collaborating and communicating with you colleagues near and across the ocean. Championing data thinking whilst creating amazingly useful systems in a collaborative way for our key customers. What we are looking for: Experience designing, building and maintaining data warehouses and developing ETL pipelines. Intermediate or advanced SQL skills. Coding experience is highly valued, especially for API integrations. We use Ruby, Scala and Python as well as Redshift/Snowflake but you don’t need experience in these. If you're happy to learn them, we will support you. Strong interpersonal skills to work well in our very open and friendly environment. The ability to communicate complex technical concepts to both tech and non tech colleagues. Understanding and appreciation of agile and lean methodologies. Strong desire to work collaboratively with our people and finance teams. We do not divide ""business"" and ""tech"" teams, we see both as one team as we are all working towards one shared goal. Pro-active in suggesting new tools, processes and technologies… anything which will help us improve!  What are the benefits?  Working in our Boston Office, you will have the chance to shape a business from the very beginning, and an opportunity to develop and learn new skills across various technology and business areas as you desire.  Plus there’s all the serious (but important) stuff we call ""core benefits"".  The ‘core’ stuff Some of these will kick in once you’re confirmed in post, but here’s the summary:A salary that reflects your experience, our pay policy and the market we’re in from your first dayGroup plan for medical, dental, and prescription drug coverageShort term disability, long term disability and life insurance coverageParticipation in the Company’s bonus programParticipation in 401(k) plan with a 3% employer matchCommuter benefits to help cut down on commuting costs25 days of vacation time plus 10 company holidaysFlexible working hours and working from home  But there’s so much more to Simply Business than insurance. We also commit to flexible working options, smart working (our offices are kitted out for you to work when and how you choose)and we have a handy online form to put in any training or conference requests.  Best of all, though, are the groups, clubs, and adventures that come with the Simply Business territory. We trek the Sahara for charity, take you on weekends away, throw epic summer parties, meet up for book groups, public speaking coaching and lots, lots more  It’s a big claim but we genuinely believe the Simply Business culture is truly unique. You sort of have to come and spend time with us to appreciate it. So get that application in and we’ll take it from there!  Our values Everything we do comes down to these five values – empowerment, authenticity, simplicity, learning and pioneering. In practice, these will mean something unique to every person at Simply Business, but if you’re considering working here, give them some thought. They’re at the heart of our story.  Empowerment We believe in our people and the positive impact they can have so we enable everyone to stretch themselves  Authenticity We celebrate diversity, avoid jargon and genuinely care about helping small businesses thrive  Simplicity We attempt to simplify complex solutions to save our customers time and effort  Learning We’re never done learning about new possibilities and act to explore them  Pioneering We’re obsessed with finding new ways to create even better experiences  We want to meet you  As a company, we pride ourselves on inclusion in the workplace. We succeed as an organization because we are comprised of intelligent women and individuals from other underrepresented groups. We understand you don’t find that in a lot of companies, so we’re emphasizing it here should you feel any hesitation to apply for that reason.  The hiring process at Simply Business is focused on candidates who are enthusiastic about the role and company. So even if you don’t fit every qualification listed in one of our job postings, yet you feel you’d be a great fit, we’d love to meet you. With any luck we’ll be seeing you at an interview soon."
Spotify,Senior Data Engineer,"Boston, MA",30+ days ago,http://indeed.com/rc/clk?jk=8449d11b8d07c49a&fccid=fe404d18bb9eef1e&vjs=3,2019-03-03 11:30:12,No Salary Provided,data engineer,"Spotify is looking for a Data Engineer to join us. You will build data driven solutions to bring music and digital media experiences to hundreds of millions of active users and millions of creators by matching fans with creators in a personal and relevant way. You will take on complex data-related problems using some of the most diverse datasets available — user behaviors, acoustical analysis, revenue streams, cultural and contextual data, and other signals across our broad range of mobile and connected platforms. Above all, your work will impact the way the world experiences art.  What you’ll do Build large-scale batch and real-time data pipelines with data processing frameworks like Scio, Storm or Spark and the Google Cloud Platform. Leverage best practices in continuous integration and delivery. Help drive optimization, testing and tooling to improve data quality. Collaborate with other engineers, ML experts and stakeholders, taking learning and leadership opportunities that will arise every single day. Work in cross functional agile teams to continuously experiment, iterate and deliver on new product objectives.   Who you are You know how to work with high volume heterogeneous data, preferably with distributed systems such as Hadoop, BigTable, and Cassandra. You have experience with one or more higher-level JVM-based data processing frameworks such as Beam, Dataflow, Crunch, Scalding, Storm, Spark, or something we didn’t list- but not just Pig/Hive/BigQuery/other SQL-like abstractions You are knowledgeable about data modeling, data access, and data storage techniques. You care about agile software processes, data-driven development, reliability, and responsible experimentation. You understand the value of collaboration within teams."
Spotify,Data Scientist – Personalization,"Boston, MA",11 days ago,http://indeed.com/rc/clk?jk=c069b1ea74cb0123&fccid=fe404d18bb9eef1e&vjs=3,2019-03-03 11:30:12,No Salary Provided,data engineer,"We are seeking a Data Scientist to join our Product Insights team, focusing on Personalization. We have several roles open across different levels of seniority.  You will be solving complex data problems and delivering the insight that helps to define our understanding of music, audio and our listeners to develop how we personalize at Spotify. This role works closely with a multidisciplinary team of data scientist, user researchers, data engineers, product teams and designers. Your work will impact the way the world experiences music and audio!  What you’ll do: Develop research questions and undertake data exploration to understand who our listeners are, how they get value out of Spotify, and where we can develop our product to bring greater value Work closely with the team including data engineering to build lasting solutions to our data modeling Design, analyze, and interpret the results of experiments Perform exploratory analyses to understand the performance of our machine learning systems Define, evaluate, dashboard and monitor key metrics, understanding root causes of changes Contribute to the development of the Product Insights function and the wider analytics community at Spotify Mentor and coach other data scientists Work from our office in Boston Who you are: You will have 2 to 5 years relevant applied experience with a degree or higher in economics, psychology, computer science, statistics, or mathematics or another quantitative discipline Technical competence to perform advanced analytics: Coding skills (such as R, Python, or Scala) Experience with analytics & visualization tools (SQL, Tableau, ggplot/matplotlib or equivalent) Experience performing analysis with large datasets You have strong statistical understanding of online testing methodologies and metric development You are an independent thinker, able to work autonomously, capable of taking on loosely defined problems and translating complex thinking into practical application for diverse audiences You are a communicative person who values building strong relationships with colleagues and partners and enjoys mentoring and teaching others"
Blue Cross Blue Shield of Massachusetts,MDM Data Engineer and Analyst,"Quincy, MA",4 months ago,http://indeed.com/rc/clk?jk=42929c2ea0478138&fccid=459cce68967c1b3b&vjs=3,2019-03-03 11:30:12,No Salary Provided,data engineer,"Ready to help us transform healthcare? Bring your true colors to blue. We have a unique opportunity for an experienced and talented MDM Data Analyst, to support new MDM solution here at Blue Cross Blue Shield of Massachusetts. This new role, as part of Digital & Analytics delivery organization within Enterprise Technology division, will support the development of solutions for master data management, follow industry standard best practices and applying new and innovative business utilization of master data in enabling data governance and analytics. In this role, you will play a key role in analyzing the data, identifying patterns, documenting the data requirements, identification of correct data sources, publishing the quality of data in addition to serving as the “go to” person for data needs. This role requires a proven functional and technical skill set that has been demonstrated in the data solutions such as MDM, Data warehouse and Analytics environment. This role will also evangelize the value of data in supporting known and potential data needs associated with various business functions of BCBSMA. Responsibilities: Develop, review and maintain functional artifacts, including high level requirements, functional design, success criteria, and data profiles. Develop use cases and business cases for new initiatives related to MDM and master data. Develop systems data flow for existing and new systems Develop entity level data flow for existing and new entities across various systems Develop source to target data mappings for incoming and outgoing data between and within systems Document transformation rules applicable for master data management Publish supporting documentation of MDM solution(s) for augmenting data governance rules. Partner with business leads, project manager, application developers, data engineers, data scientists, and other technical team in addressing project needs timely Create and deliver user documentation as necessary to ensure proper use of changed and newly implemented efforts Maintain, monitor, and verify the accuracy of the master data in the applicable systems Identify and execute continuous improvement opportunities within the data management processes in the applicable systems Education and Experience: Under graduate degree in mathematics, science, computer engineering or related field preferred. 5+ years of overall experience in IT with strong understanding of Master Data Management (MDM), Data Quality, Data Governance and BI concepts. 3+ years of hands-on experience in writing complex queries for relational databases. 2+ years of hands-on experience in writing complex queries for big data technologies. Experience in query tools like WinSQL, TOAD, SQL Developer or similar tools Must have hands-on experience with - data profiling , data mappings, data validation , hierarchy management, match and merge rules and supporting data stewards Prior MDM work experience in few of subject areas like Customer/Member, Product, Account/Employer and Product is a plus Knowledge of MDM integrations with business application using Batch process, API/Services Framework and message queues Knowledge of tools/services for address cleansing, phone number validation and email validation, is a plus. Location Boston, Quincy Time Type Full time"
Amazon Robotics LLC,Data Analytics Engineer - Robotics,"North Reading, MA",30+ days ago,http://indeed.com/rc/clk?jk=feb058ac739ecdf9&fccid=fe2d21eef233e94a&vjs=3,2019-03-03 11:30:12,No Salary Provided,data engineer," MS/BS in Engineering, Computer Science, Information Systems, Data Science, Statistics, Mathematics or a related field 4+ years of industry experience in data engineering and analysis Excellent problem solving, analytic skills, and written and oral communication skills Expertise in statistical analysis of experimental data sets Experience with Python, Java, or C++  Are you inspired by invention? Is problem solving through teamwork in your DNA? Do you like the idea of seeing how your work impacts the bigger picture? Answer yes to any of these and you’ll fit right in here at Amazon Robotics. We are a smart team of doers that work passionately to apply cutting edge advances in robotics and software to solve real-world challenges that will transform our customers’ experiences in ways we can’t even image yet. We invent new improvements every day. We are Amazon Robotics and we will give you the tools and support need to invent with us in ways that are rewarding, fulfilling and fun.  We seek a talented and motivated engineer who possesses experience that includes a blend of data engineering, problem solving, and hardware performance analysis. You will be a member of the Advanced Robotics team that is building next generation robotics systems and products for our fulfillment customers. You will work across the domain, from low-level interfacing with our new hardware solutions to cloud-based analytics pipelines and visualizations. The ideal candidate should be comfortable working cross-functionally as well as have the ability to produce results independently. This position will require a combination of creativity, troubleshooting, and a willingness to deep dive into complex issues.  Job Responsibilities:  Build custom data custodian pipelines to pull results and performance data from test hardware and products Create and maintain analysis and visualizations results in tools like Tableau Recommend data visualization techniques based on stakeholder requirements and available data sets Work with machine learning scientists to facilitate consumption of data products Interpret data and analyze results using statistical techniques Collaborate with cross-functional teams to review and analyze metrics Develop queries for ad-hoc requests and projects  "
Amazon Robotics LLC,Data Engineer,"North Reading, MA",30+ days ago,http://indeed.com/rc/clk?jk=5f181e8956029215&fccid=fe2d21eef233e94a&vjs=3,2019-03-03 11:30:12,No Salary Provided,data engineer," Bachelor's degree or higher in a quantitative/technical field (e.g. Computer Science, Statistics, Engineering) Design, creation, management, and business use of large datasets Proficiency in, at least, one modern programming language such as Java, Scala, or Python Knowledge of data management fundamentals and data storage principles Knowledge of distributed systems as it pertains to data storage and cloud computing Experience working with Open Source Big Data tools (Parquet, Spark, Hadoop, Presto)· Experience in working and delivering end-to-end projects independently  Are you inspired by invention? Is problem solving through teamwork in your DNA? Do you like the idea of seeing how your work impacts the bigger picture? Answer yes to any of these and you’ll fit right in here at Amazon Robotics. We are a smart team of doers that work passionately to apply cutting edge advances in robotics and software to solve real-world challenges that will transform our customers’ experiences in ways we can’t even image yet. We invent new improvements every day. We are Amazon Robotics and we will give you the tools and support you need to invent with us in ways that are rewarding, fulfilling and fun.  The Amazon Robotics Analytics and Experimentation team is a group of talented data engineers & data scientists that empower our fellow roboticists to make data-driven decisions. As an Amazon Data Engineer, you will be working in one of the world's largest data warehouse environments. We are passionate about building a highly scalable big data system to support our analytics, machine learning, and data applications."
Takeda Pharmaceutical,"Data Engineer, Visualization","Boston, MA",5 months ago,http://indeed.com/rc/clk?jk=001300328da0e73a&fccid=4819693c833d5b6e&vjs=3,2019-03-03 11:30:12,No Salary Provided,data engineer,"By clicking the “Apply” button, I understand that my employment application process with Takeda will commence and that I agree with Takeda’s Privacy Notice, Privacy Policy and Terms of Use. Job Description Are you looking for a patient-focused company that will inspire you and support your career? If so, be empowered to take charge of your future at Takeda. Join us a Data Engineer, Visualization in our Cambridge, MA office. Here, everyone matter and you will be a vital contributor to our inspiring, bold mission. As a Data Engineer, Visualization working in the Data Engineering and Emerging Technologies team, a typical day will include: OBJECTIVES:  As a Data Engineer, you will be tasked with creating an ecosystem to have the right data, to ask the right question, at the right time.  Apply advanced techniques to complex problems in R&D; and other organizations.  For this specific role, there will be a focus on visualization of data.  Work directly with the Data Science in R&D; at Takeda along with other advanced analytics organizations across the company.  Apply advance techniques in structured, partly structured and unstructured data across different partner organizations.  Implement solutions for both big data and difficult to structure data sets.  Maintain up-to-data knowledge on modern data technologies, explores new platforms and beta tooling.  Independently use own judgement to identify data requirements and influences the design.  Influence new computer science platforms to design, analyze and implement complex and new data driven solutions that impact the company.  Provide leadership to complex data analysis, uses and explores data, languages, tools and software to best construct data for predictive modeling, tests the model, trains data to deploy the modeling within a complex R&D;, Medical, Mathematical environment and a large complexity of IT systems and data. COMPETENCES, EDUCATIONAL AND SKILLS Required: Bachelor’s Degree in Computer Science or Data Science 2+ years’ experience or relevant project / coursework Up-to-date specialized knowledge of data wrangling, manipulation and management of technologies. Ability to manipulate voluminous data with different degree of structuring across disparate sources to build and communicate actionable insights for internal or external parties. Possesses strong communication skills to portray information. Experience with Rapid UI Prototyping. Experience with Tableau or Qlik Experience with R or Python UI tools (R Shiny, ggplot, Seaborn, Matplotlib …) Ability to work in an agile environment with high quality deliverables. Experience with two of the following languages: Java, Scala, R or Python Experience with UI frameworks like R. Understanding of Web Services as well as JSON formats Working knowledge of SQL and Relational Databases Experience with one of the following NoSQL datastores (Cassandra, MongoDB, Neo4J, …) Experience with concepts of Hadoop and Spark Preferred: Experience with Tableau, R Shiny, Pandas and ggplot Additional Languages: Chef, R, JavaScript Experience with Multiple NoSQL datastores (Cassandra, MongoDB, Neo4J, …) Experience with data formats including Parquet, ORC or AVRO Understanding of AWS (S3, EC2, Redshift, EMR, Athena) Experience with a Rapid UI tools: EX: Tableau #LI-JV1 Locations Boston, MA Worker Type Employee Worker Sub-Type Regular Time Type Full time"
Oath Inc,Associate Data Center Engineer,"Quincy, MA",4 months ago,http://indeed.com/rc/clk?jk=5993c280f5979a4b&fccid=ec7026b814653f27&vjs=3,2019-03-03 11:30:12,No Salary Provided,data engineer,"Oath, a subsidiary of Verizon, is a values-led company committed to building brands people love. We reach over one billion people around the world with a dynamic house of media and technology brands. A global leader in digital and mobile, Oath is shaping the future of media. A Little About Us Oath’s Data Center Operations team includes a group of highly skilled and dedicated Data Center Engineers. Our primary goal is to support a diverse IT infrastructure in one of the greenest, most advanced data centers in the world. A Lot About You The Data Center operations team is looking for a Data Center Engineer with a passion for driving improvements in our operations and infrastructure to support our mission of making the world’s daily habits inspiring and entertaining. The ideal candidate for this role will have work experience in a high-availability data center environment, the ability to efficiently diagnose and troubleshoot issues with rack mount server hardware, working knowledge of Layer 1, 2, and 3 network infrastructure, working knowledge of the Linux command line and the troubleshooting tools available therein. Your Day Maintain and repair servers and network equipment to ensure maximum level of uptime within the Data Center Work requests based on priorities set by the business Perform troubleshooting with specialty in a single discipline and knowledge of many Use in-house tools to administer user accounts, assign DNS, configure switches, or any other data center functions Execute change management requests Communicate directly with internal customer technical contacts Overnight and swing shifts may be required – this is a 24x7x365 support team You Must Have Bachelor’s degree is highly desirable. A 2-year degree in a technical field, and equivalent experience may be considered. Knowledge of the UNIX operating environment with the ability to navigate, manipulate and understand the file structure. Basic understanding of TCP/IP network environment including fiber physical plant, switching and routing protocols. Basic understanding of common scripting languages (Perl, BASH, Python) Ability to execute manual tasks, lift 50 pounds, and work on a ladder Passion for the field and the work we do, and the drive to own and take responsibility for your work – to be an Oath Builder Oath is proud to be an equal opportunity workplace. All qualified applicants will receive consideration for employment without regard to, and will not be discriminated against based on, age, race, gender, color, religion, national origin, sexual orientation, gender identity, veteran status, disability or any other protected category. Oath is dedicated to providing an accessible environment for all candidates during the application process and for employees during their employment. Please let us know if you need a reasonable accommodation to apply for a job or participate in the application process. Currently work for Oath? Please apply on our internal career site."
Vertex Pharmaceuticals,Data Engineer,"Boston, MA 02114 (Back Bay-Beacon Hill area)",4 months ago,http://indeed.com/rc/clk?jk=29eba4f9b3fe3a68&fccid=14b7875e481a1a70&vjs=3,2019-03-03 11:30:12,No Salary Provided,data engineer,"Are you adept at transforming and organizing dynamic, complex data? Do you have experience in data engineering with various types of data structures and formats? Our Data Analytics team is seeking a data engineer with strong technical knowledge and a real passion for addressing business needs through data analysis. As an individual contributor on this team, you will build data pipelines that use existing tools while also exploring advances in data engineering to address business questions and support enterprise level efforts. You will work side-by-side with internal partners from our Data Analytics, Data Science, and functional teams to tackle problems and derive insight from data. We’re looking for self-starters with a solid sense of urgency who thrive when operating in a fast-paced environment. The ideal candidate is comfortable wearing multiple hats – data modeling/architecture, SQL / Python coding, data analysis and business analysis – all while looking for creative ways to solve business challenges.  Key Responsibilities: Perform data analysis to understand how well data is aligned and identify possible data quality issues, present results in a way that is easy for business users to understand and consume Partner with the Data Analytics team and various functional partners to understand the data conversion necessary to drive analytics Design and develop relational database objects including tables, views, indexes, etc. Develop and Maintain PL/SQL code including Packages, Procedures, Jobs, Tables, Triggers, Indexes, Constraints, DB Links, and functions Partner with ETL team to build target tables, design logical source to target mapping processes and quality test the data after ETL processing Fix data and reporting issues, propose solutions to meet emerging business needs Optimize the performance of the solution from coding to automation routines and identification of optimal methods for processing data Propose new solutions and technologies that could transform the way we handle data and contribute to the business #LI-RS1 Qualification: Bachelor’s degree or higher in Computer Science or related discipline 5+ years of experience with SQL database queries and programming (PL/SQL) Experience programming in Java or Python Familiarity with data quality, cleaning and masking techniques Conceptual understanding and experience with Data Warehousing, Operational Data Stores, and ETL is key, including Fact-Dimension modeling and hierarchies Understanding of basic functional business concepts including Headcount, Balance Sheet and P&L; Accounting, Journal Entry & Sub ledger Ability to communicate regarding data definitions and data quality with business users Strong alignment to data privacy standards and ethics Strong interpersonal and communication skills and a proven ability to work and collaborate in a team environment Preferred Qualifications: Strong communication, interpersonal, and collaborative skills Demonstrated analytical and problem-solving abilities Knowledge of distributed data processing and management systems Demonstrated ability to organize and incorporate complex systems requirements into product features and prioritize features effectively"
"Insight Enterprises, Inc.",Data Engineer,"Boston, MA",3 days ago,http://indeed.com/rc/clk?jk=8845653214e86ddc&fccid=3f1f78890d39a15e&vjs=3,2019-03-03 11:30:12,No Salary Provided,data engineer,"Requisition Number: 72845 Data Engineer Insight Digital Innovation is looking for an Associate Software Engineer to join our Data & AI team in Boston. If you’re passionate about building high-quality, cutting-edge Data & AI solutions, we’d like to talk to you. At Insight you’ll work with an award-winning team of designers, engineers, architects and data scientists on some of the toughest problems across finance, health/life sciences, manufacturing, retail, hospitality and other verticals. You’ll be hands on, working with small teams on high-velocity, agile projects aimed at providing high business impact. You’ll be working with cutting-edge tools at the forefront of what’s possible. Responsibilities Design and build BI, big data, AI and cloud solutions for clients Translate client requirements into solutions for tough data challenges and provide feedback on others’ work Work closely with client business and technical stakeholders to shape the success of projects Aggressively grow your skillset and translate your new capabilities into high-quality execution Qualifications 2+ years of professional data development and delivery experience Proven SQL skills utilizing OLTP, OLAP, reporting and ETL/ELT use cases and patterns Skill at crystalizing requirements into clean, efficient, quality deliverables Demonstrated ability to prioritize, self-direct and execute at velocity Passion to deliver quality work both individually and as part of a team Solid communication skills with both technical and non-technical stakeholders Desire to rapidly grow your skills competencies use new skills to design and implement solutions Bachelor’s degree in Computer Science or related discipline Experience with one or more of the following is a plus: Cloud architectures: Azure, AWS, Google Big data and NoSQL topologies: Hadoop, Cassandra, Mongo, Hive, Spark, etc. Advanced analytics: R, Python, MatLab, statistics, etc. Requires travel to Boston Area client sites (local only)  The position described above provides a summary of some the job duties required and what it would be like to work at Insight. For a comprehensive list of physical demands and work environment for this position, click here. Today, every business is a technology business. Insight Enterprises, Inc. empowers organizations of all sizes with Insight Intelligent Technology Solutions™ and services to maximize the business value of IT. As a Fortune 500-ranked global provider of digital innovation, cloud/data center transformation, connected workforce, and supply chain optimization solutions and services, we help clients successfully manage their IT today while transforming for tomorrow. From IT strategy and design to implementation and management, our 6,800 employees help clients innovate and optimize their operations to run smarter. Discover more at insight.com.  Global provider of Intelligent Technology Solutions™ for organizations of all sizes Ranked #417 on the 2018 Fortune 500, #12 on the CRN Solution Provider 500 Founded in 1988 in Tempe, Arizona; now celebrating our 30th anniversary and operating in 20 countries $6.7 billion in revenue for 2017 8,000+ teammates worldwide working with 5,300+ partners 2017 Arizona’s Most Admired Companies (AZ Business Magazine), #7 2017 Best Places to Work (Phoenix Business Journal) 2018 Dell EMC Server Partner of the Year, 2018 Intel Retail Solution Partner of the Year, 2018 IBM Geography Excellence Award as the Top National Strategic Business Partner in North America, Microsoft’s largest global partner  Today's talent leads tomorrow's success. Learn about careers at Insight: jobs.insight.com.  Insight is an equal opportunity employer, and all qualified applicants will receive consideration for employment without regard to race, color, religion, sex, national origin, disability status, protected veteran status, sexual orientation or any other characteristic protected by law.  Posting Notes: Boston || Massachusetts (US-MA) || United States (US) || MSOP-SC; None || None || US - Boston, MA ||"
